username,status
bosley_laurenshannon,"active, suspended"
MYOB_jordanemery,"active, suspended"
jr.careydale,"active, suspended"
darwin.presleypage,"active, suspended"
hunterpraise_dusty,"active, suspended"
3.palmerdana,"active, suspended"
carsontaylor.KK,"active, suspended"
wilsonremingtonraven,"active, suspended"
sydney_schuylermonroe,"active, suspended"
sweetie_pie.oakleyroyal,"active, suspended"
shellylaverntigger,"active, suspended"
snowballevelynbeau,"active, live"
sydneylesleyCYA,"active, suspended"
999.devinfinley,"active, suspended"
F.rorymorgan,"active, suspended"
dragsterlacyblessing.4,"active, suspended"
cheyenne.onyxlee,"active, suspended"
tootscourtneyflorence,"active, suspended"
garnettblessing.valinto,"active, suspended"
esmeraleigh_chrissy,"active, live"
zoie_noelhildred,"active, suspended"
ydennekrekrap,"active, suspended"
bradleymonroelaverne,"active, suspended"
devincelestine.violet,"active, suspended"
wilbershelleyreese,"active, suspended"
dallasjocelyncomet,"active, suspended"
hadleylaverne444,"active, suspended"
royalardenwilber,"active, suspended"
evelynhunter_butterscotch,"active, suspended"
arieljewell_tippy,"active, suspended"
parkerschuylereifel,"active, suspended"
Y.esmehilary,"active, suspended"
diva.murphyjade,"active, suspended"
tex.dellriley,"active, suspended"
